<?xml version='1.0' encoding='UTF-8' standalone='yes'?>
<general>
	<entry type="text">
		<id>sitename</id>
		<name>Seitennamen</name>
		<default>CoreCMS</default>
	</entry>
	
	<entry type="text">
		<id>copyright</id>
		<name>Copyright-Hinweis</name>
		<default>Marcel Heisinger</default>
	</entry>
	
	<entry type="bool">
		<id>showLogin</id>
		<name>Login-Link anzeigen</name>
		<default>1</default>
	</entry>
	
	<entry type="text">
		<id>cssStyle</id>
		<name>CSS-Link</name>
		<default>css/standard.css</default>
	</entry>
	
	<entry type="text">
		<id>lang</id>
		<name>Seitensprache</name>
		<default>de</default>
	</entry>
</general>